[
    {
        "model": "isp.module",
        "pk": 1,
        "fields": {
            "order": 10,
            "name": "Pre-Training",
            "description": ""
        }
    },
    {
        "model": "isp.module",
        "pk": 2,
        "fields": {
            "order": 20,
            "name": "Variables and Values",
            "description": ""
        }
    },
    {
        "model": "isp.module",
        "pk": 3,
        "fields": {
            "order": 30,
            "name": "Research Question",
            "description": ""
        }
    },
    {
        "model": "isp.module",
        "pk": 4,
        "fields": {
            "order": 40,
            "name": "Hypothesis",
            "description": ""
        }
    },
    {
        "model": "isp.module",
        "pk": 5,
        "fields": {
            "order": 50,
            "name": "Plan Research",
            "description": ""
        }
    },
    {
        "model": "isp.module",
        "pk": 6,
        "fields": {
            "order": 60,
            "name": "Basic Research",
            "description": ""
        }
    },
    {
        "model": "isp.module",
        "pk": 7,
        "fields": {
            "order": 70,
            "name": "Procedures and Experimental Setup",
            "description": ""
        }
    },
    {
        "model": "isp.module",
        "pk": 8,
        "fields": {
            "order": 80,
            "name": "TED",
            "description": ""
        }
    },
    {
        "model": "isp.module",
        "pk": 9,
        "fields": {
            "order": 90,
            "name": "Materials",
            "description": ""
        }
    },
    {
        "model": "isp.module",
        "pk": 10,
        "fields": {
            "order": 100,
            "name": "Conduct",
            "description": ""
        }
    },
    {
        "model": "isp.module",
        "pk": 11,
        "fields": {
            "order": 110,
            "name": "Data Interpretation",
            "description": ""
        }
    },
    {
        "model": "isp.module",
        "pk": 12,
        "fields": {
            "order": 120,
            "name": "Drawing Conclusions",
            "description": ""
        }
    },
    {
        "model": "isp.module",
        "pk": 13,
        "fields": {
            "order": 130,
            "name": "Poster",
            "description": ""
        }
    },
    {
        "model": "isp.module",
        "pk": 14,
        "fields": {
            "order": 140,
            "name": "Post-Training",
            "description": ""
        }
    },
    {
        "model": "isp.app",
        "pk": 1,
        "fields": {
            "name": "EF_RQSelect",
            "description": "",
            "url": "/tutors/rqselect.html",
            "module": 3
        }
    },
    {
        "model": "isp.app",
        "pk": 2,
        "fields": {
            "name": "Hypothesis App",
            "description": "",
            "url": "/apps/hypo-gr/",
            "module": 4
        }
    },
    {
        "model": "isp.app",
        "pk": 3,
        "fields": {
            "name": "DI Instruction",
            "description": "Data Interpretation Instruction app",
            "url": "/apps/di-instr/",
            "module": 11
        }
    },
    {
        "model": "isp.app",
        "pk": 4,
        "fields": {
            "name": "DI Pre-Test",
            "description": "Data Interpretation Pre-Test",
            "url": "/apps/di-prepost/pretest.html",
            "module": 1
        }
    },
    {
        "model": "isp.app",
        "pk": 5,
        "fields": {
            "name": "DI Post Test",
            "description": "Data Interpretation Post-Test",
            "url": "/apps/di-prepost/posttest.html",
            "module": 14
        }
    },
    {
        "model": "isp.app",
        "pk": 6,
        "fields": {
            "name": "BRM Website",
            "description": "Basic Research Module",
            "url": "/apps/brm/",
            "module": 6
        }
    },
    {
        "model": "isp.app",
        "pk": 7,
        "fields": {
            "name": "BRM Captivate",
            "description": "Worked Example BRM",
            "url": "/apps/we_brm/",
            "module": 6
        }
    },
    {
        "model": "isp.app",
        "pk": 8,
        "fields": {
            "name": "goodRQ",
            "description": "Selecting a Good Research Question Lesson",
            "url": "/apps/goodrq/",
            "module": 3
        }
    },
    {
        "model": "isp.app",
        "pk": 9,
        "fields": {
            "name": "EF_TED",
            "description": "TED Tutor",
            "url": "/tutors/ted.html",
            "module": 8
        }
    },
    {
        "model": "isp.app",
        "pk": 10,
        "fields": {
            "name": "Hypothesis Captivate",
            "description": "",
            "url": "/apps/hypo-we",
            "module": 4
        }
    },
    {
        "model": "isp.feature",
        "pk": 1,
        "fields": {
            "name": "FTR_BL",
            "description": "baseline - mutually exclusive",
            "app": 1
        }
    },
    {
        "model": "isp.feature",
        "pk": 2,
        "fields": {
            "name": "FTR_CHOICE",
            "description": "choice - mutually exclusive",
            "app": 1
        }
    },
    {
        "model": "isp.feature",
        "pk": 3,
        "fields": {
            "name": "FTR_NCCRYSTAL",
            "description": "must be combined with no choice",
            "app": 1
        }
    },
    {
        "model": "isp.feature",
        "pk": 4,
        "fields": {
            "name": "INITIAL_HYPO",
            "description": "saves hypo as initial hypo",
            "app": 2
        }
    },
    {
        "model": "isp.feature",
        "pk": 5,
        "fields": {
            "name": "FINAL_HYPO",
            "description": "saves hypo as final hypo",
            "app": 2
        }
    },
    {
        "model": "isp.feature",
        "pk": 6,
        "fields": {
            "name": "NO_CPT_MAP",
            "description": "disabled concept map",
            "app": 2
        }
    },
    {
        "model": "isp.feature",
        "pk": 7,
        "fields": {
            "name": "DEFS_ONLY",
            "description": "allows student to return to definition pages at any time",
            "app": 2
        }
    },
    {
        "model": "isp.feature",
        "pk": 8,
        "fields": {
            "name": "FTR_NOCHOICE",
            "description": "no choice - must be combined with topic",
            "app": 1
        }
    },
    {
        "model": "isp.feature",
        "pk": 9,
        "fields": {
            "name": "NO_DEFS",
            "description": "do not display definition pages",
            "app": 2
        }
    },
    {
        "model": "isp.feature",
        "pk": 10,
        "fields": {
            "name": "FTR_ONE_DIRECTIONAL",
            "description": "One-Directional Hypothesis",
            "app": 10
        }
    },
    {
        "model": "isp.feature",
        "pk": 11,
        "fields": {
            "name": "FTR_BI_DIRECTIONAL",
            "description": "BI-Directional Hypothesis",
            "app": 10
        }
    },
    {
        "model": "isp.activitytype",
        "pk": 1,
        "fields": {
            "order": 30,
            "name": "WE",
            "description": "Worked Example"
        }
    },
    {
        "model": "isp.activitytype",
        "pk": 2,
        "fields": {
            "order": 50,
            "name": "GR",
            "description": "Guided Response"
        }
    },
    {
        "model": "isp.activitytype",
        "pk": 3,
        "fields": {
            "order": 70,
            "name": "Instruction",
            "description": ""
        }
    },
    {
        "model": "isp.activity",
        "pk": 1,
        "fields": {
            "name": "RQSelect (BaseLine)",
            "description": "",
            "label": "Research Question Selection",
            "app": 1,
            "activity_type": 2
        }
    },
    {
        "model": "isp.activity",
        "pk": 2,
        "fields": {
            "name": "initial hyp w/o cpt map",
            "description": "",
            "label": "Initial Hypothesis",
            "app": 2,
            "activity_type": 2
        }
    },
    {
        "model": "isp.activity",
        "pk": 3,
        "fields": {
            "name": "initial hypo w/ cpt map",
            "description": "",
            "label": "Initial Hypothesis",
            "app": 2,
            "activity_type": 1
        }
    },
    {
        "model": "isp.activity",
        "pk": 4,
        "fields": {
            "name": "Final Hypo",
            "description": "",
            "label": "Final Hypothesis",
            "app": 2,
            "activity_type": 2
        }
    },
    {
        "model": "isp.activity",
        "pk": 5,
        "fields": {
            "name": "RQSelect Choice",
            "description": "",
            "label": "Research Question Selection",
            "app": 1,
            "activity_type": 2
        }
    },
    {
        "model": "isp.activity",
        "pk": 6,
        "fields": {
            "name": "RQSelect No-Choice Crystal",
            "description": "",
            "label": "Research Question Selection",
            "app": 1,
            "activity_type": 2
        }
    },
    {
        "model": "isp.activity",
        "pk": 7,
        "fields": {
            "name": "DI Pre-Test",
            "description": "",
            "label": "Data Interpretation Pre-Test",
            "app": 4,
            "activity_type": 3
        }
    },
    {
        "model": "isp.activity",
        "pk": 8,
        "fields": {
            "name": "DI Post Test",
            "description": "",
            "label": "Data Interpretation Post-Test",
            "app": 5,
            "activity_type": 3
        }
    },
    {
        "model": "isp.activity",
        "pk": 9,
        "fields": {
            "name": "DI Instruction",
            "description": "",
            "label": "Data Interpretation Lesson",
            "app": 3,
            "activity_type": 3
        }
    },
    {
        "model": "isp.activity",
        "pk": 10,
        "fields": {
            "name": "BRM",
            "description": "",
            "label": "Basic Research",
            "app": 6,
            "activity_type": 2
        }
    },
    {
        "model": "isp.activity",
        "pk": 11,
        "fields": {
            "name": "WE BRM",
            "description": "",
            "label": "Basic Research",
            "app": 7,
            "activity_type": 1
        }
    },
    {
        "model": "isp.activity",
        "pk": 12,
        "fields": {
            "name": "goodRQ",
            "description": "",
            "label": "Selecting a Good Research Question Lesson",
            "app": 8,
            "activity_type": 3
        }
    },
    {
        "model": "isp.activity",
        "pk": 13,
        "fields": {
            "name": "Hypothesis WE One-directional",
            "description": "",
            "label": "Hypothesis",
            "app": 10,
            "activity_type": 1
        }
    },
    {
        "model": "isp.activity",
        "pk": 14,
        "fields": {
            "name": "Hypothesis WE Bi-directional",
            "description": "",
            "label": "Hypothesis",
            "app": 10,
            "activity_type": 1
        }
    },
    {
        "model": "isp.enabledfeature",
        "pk": 1,
        "fields": {
            "activity": 1,
            "feature": 1
        }
    },
    {
        "model": "isp.enabledfeature",
        "pk": 2,
        "fields": {
            "activity": 2,
            "feature": 4
        }
    },
    {
        "model": "isp.enabledfeature",
        "pk": 3,
        "fields": {
            "activity": 2,
            "feature": 6
        }
    },
    {
        "model": "isp.enabledfeature",
        "pk": 4,
        "fields": {
            "activity": 3,
            "feature": 4
        }
    },
    {
        "model": "isp.enabledfeature",
        "pk": 5,
        "fields": {
            "activity": 4,
            "feature": 5
        }
    },
    {
        "model": "isp.enabledfeature",
        "pk": 6,
        "fields": {
            "activity": 4,
            "feature": 9
        }
    },
    {
        "model": "isp.enabledfeature",
        "pk": 7,
        "fields": {
            "activity": 5,
            "feature": 2
        }
    },
    {
        "model": "isp.enabledfeature",
        "pk": 8,
        "fields": {
            "activity": 6,
            "feature": 8
        }
    },
    {
        "model": "isp.enabledfeature",
        "pk": 9,
        "fields": {
            "activity": 6,
            "feature": 3
        }
    },
    {
        "model": "isp.enabledfeature",
        "pk": 10,
        "fields": {
            "activity": 13,
            "feature": 10
        }
    },
    {
        "model": "isp.enabledfeature",
        "pk": 11,
        "fields": {
            "activity": 14,
            "feature": 11
        }
    }
]
