[{"model": "isp.app", "pk": 1, "fields": {"name": "RQ Module", "description": "", "url": "/tutors/rqselect.html", "module": "00PRE"}}, {"model": "isp.app", "pk": 2, "fields": {"name": "Hypothesis Module", "description": "", "url": "/hypo-gr/", "module": "00PRE"}}, {"model": "isp.app", "pk": 3, "fields": {"name": "DI Instruction", "description": "Data Interpretation Instruction app", "url": "/di-instr/", "module": "00PRE"}}, {"model": "isp.app", "pk": 4, "fields": {"name": "DI Pre-Test", "description": "Data Interpretation Pre-Test", "url": "/di-prepost/pretest.html", "module": "00PRE"}}, {"model": "isp.app", "pk": 5, "fields": {"name": "DI Post Test", "description": "Data Interpretation Post-Test", "url": "/di-prepost/posttest.html", "module": "00PRE"}}, {"model": "isp.app", "pk": 6, "fields": {"name": "BRM", "description": "Basic Research Module", "url": "/brm/", "module": "00PRE"}}, {"model": "isp.app", "pk": 7, "fields": {"name": "WE BRM", "description": "Worked Example BRM", "url": "/we_brm/", "module": "00PRE"}}, {"model": "isp.app", "pk": 8, "fields": {"name": "goodRQ", "description": "Selecting a Good Research Question Lesson", "url": "/goodrq/", "module": "00PRE"}}, {"model": "isp.app", "pk": 9, "fields": {"name": "TED", "description": "TED Tutor", "url": "/tutors/ted.html", "module": "00PRE"}}, {"model": "isp.feature", "pk": 1, "fields": {"name": "FTR_BL", "description": "baseline - mutually exclusive", "app": 1}}, {"model": "isp.feature", "pk": 2, "fields": {"name": "FTR_CHOICE", "description": "choice - mutually exclusive", "app": 1}}, {"model": "isp.feature", "pk": 3, "fields": {"name": "FTR_NCCRYSTAL", "description": "must be combined with no choice", "app": 1}}, {"model": "isp.feature", "pk": 4, "fields": {"name": "INITIAL_HYPO", "description": "saves hypo as initial hypo", "app": 2}}, {"model": "isp.feature", "pk": 5, "fields": {"name": "FINAL_HYPO", "description": "saves hypo as final hypo", "app": 2}}, {"model": "isp.feature", "pk": 6, "fields": {"name": "NO_CPT_MAP", "description": "disabled concept map", "app": 2}}, {"model": "isp.feature", "pk": 7, "fields": {"name": "DEFS_ONLY", "description": "allows student to return to definition pages at any time", "app": 2}}, {"model": "isp.feature", "pk": 8, "fields": {"name": "FTR_NOCHOICE", "description": "no choice - must be combined with topic", "app": 1}}, {"model": "isp.feature", "pk": 9, "fields": {"name": "NO_DEFS", "description": "do not display definition pages", "app": 2}}, {"model": "isp.activity", "pk": 1, "fields": {"name": "RQSelect (BaseLine)", "description": "", "label": "Research Question Selection", "app": 1}}, {"model": "isp.activity", "pk": 2, "fields": {"name": "initial hyp w/o cpt map", "description": "", "label": "Initial Hypothesis", "app": 2}}, {"model": "isp.activity", "pk": 3, "fields": {"name": "initial hypo w/ cpt map", "description": "", "label": "Initial Hypothesis", "app": 2}}, {"model": "isp.activity", "pk": 4, "fields": {"name": "Final Hypo", "description": "", "label": "Final Hypothesis", "app": 2}}, {"model": "isp.activity", "pk": 5, "fields": {"name": "RQSelect Choice", "description": "", "label": "Research Question Selection", "app": 1}}, {"model": "isp.activity", "pk": 6, "fields": {"name": "RQSelect No-Choice Crystal", "description": "", "label": "Research Question Selection", "app": 1}}, {"model": "isp.activity", "pk": 7, "fields": {"name": "DI Pre-Test", "description": "", "label": "Data Interpretation Pre-Test", "app": 4}}, {"model": "isp.activity", "pk": 8, "fields": {"name": "DI Post Test", "description": "", "label": "Data Interpretation Post-Test", "app": 5}}, {"model": "isp.activity", "pk": 9, "fields": {"name": "DI Instruction", "description": "", "label": "Data Interpretation Lesson", "app": 3}}, {"model": "isp.activity", "pk": 10, "fields": {"name": "BRM", "description": "", "label": "Basic Research", "app": 6}}, {"model": "isp.activity", "pk": 11, "fields": {"name": "WE BRM", "description": "", "label": "Basic Research", "app": 7}}, {"model": "isp.activity", "pk": 12, "fields": {"name": "goodRQ", "description": "", "label": "Selecting a Good Research Question Lesson", "app": 8}}, {"model": "isp.enabledfeature", "pk": 1, "fields": {"activity": 1, "feature": 1}}, {"model": "isp.enabledfeature", "pk": 2, "fields": {"activity": 2, "feature": 4}}, {"model": "isp.enabledfeature", "pk": 3, "fields": {"activity": 2, "feature": 6}}, {"model": "isp.enabledfeature", "pk": 4, "fields": {"activity": 3, "feature": 4}}, {"model": "isp.enabledfeature", "pk": 5, "fields": {"activity": 4, "feature": 5}}, {"model": "isp.enabledfeature", "pk": 6, "fields": {"activity": 4, "feature": 9}}, {"model": "isp.enabledfeature", "pk": 7, "fields": {"activity": 5, "feature": 2}}, {"model": "isp.enabledfeature", "pk": 8, "fields": {"activity": 6, "feature": 8}}, {"model": "isp.enabledfeature", "pk": 9, "fields": {"activity": 6, "feature": 3}}, {"model": "isp.school", "pk": 1, "fields": {"name": "school1"}}, {"model": "isp.school", "pk": 2, "fields": {"name": "school2"}}, {"model": "isp.teacher", "pk": 1, "fields": {"name": "Joe", "description": "", "school": 1}}, {"model": "isp.teacher", "pk": 2, "fields": {"name": "Sue", "description": "", "school": 1}}, {"model": "isp.teacher", "pk": 3, "fields": {"name": "Betty", "description": "", "school": 2}}, {"model": "isp.teacher", "pk": 4, "fields": {"name": "Sarah", "description": "", "school": 2}}, {"model": "isp.pathway", "pk": 1, "fields": {"name": "pathway5", "description": "", "teacher": 1, "edit_link": "pathway/edit/"}}, {"model": "isp.pathway", "pk": 2, "fields": {"name": "pathway1", "description": "", "teacher": 4, "edit_link": "pathway/edit/"}}, {"model": "isp.pathway", "pk": 3, "fields": {"name": "pathway1", "description": "", "teacher": 3, "edit_link": "pathway/edit/"}}, {"model": "isp.pathway", "pk": 4, "fields": {"name": "pathway2", "description": "", "teacher": 3, "edit_link": "pathway/edit/"}}, {"model": "isp.class", "pk": 1, "fields": {"name": "class1", "classcode": "class1", "teacher": 1}}, {"model": "isp.student", "pk": 1, "fields": {"name": "Sally", "pathway": null, "classname": 1}}, {"model": "isp.student", "pk": 2, "fields": {"name": "Bob", "pathway": null, "classname": 1}}, {"model": "isp.orderedactivity", "pk": 1, "fields": {"pathway": 1, "order": 1, "activity": 5}}, {"model": "isp.orderedactivity", "pk": 2, "fields": {"pathway": 1, "order": 3, "activity": 4}}]