[
    {
        "model": "isp.module",
        "pk": 1,
        "fields": {
            "name": "RQ Module",
            "description": "",
            "url": "/tutors/rqselect.html"
        }
    },
    {
        "model": "isp.module",
        "pk": 2,
        "fields": {
            "name": "Hypothesis Module",
            "description": "",
            "url": "/hypo/"
        }
    },
    {
        "model": "isp.module",
        "pk": 3,
        "fields": {
            "name": "DI Instruction",
            "description": "Data Interpretation Instruction module",
            "url": "/di-instr/"
        }
    },
    {
        "model": "isp.module",
        "pk": 4,
        "fields": {
            "name": "DI Pre-Test",
            "description": "Data Interpretation Pre-Test",
            "url": "/di-prepost/pretest.html"
        }
    },
    {
        "model": "isp.module",
        "pk": 5,
        "fields": {
            "name": "DI Post Test",
            "description": "Data Interpretation Post-Test",
            "url": "/di-prepost/posttest.html"
        }
    },
    {
        "model": "isp.module",
        "pk": 6,
        "fields": {
            "name": "BRM",
            "description": "Basic Research Module",
            "url": "/brm/"
        }
    },
    {
        "model": "isp.module",
        "pk": 7,
        "fields": {
            "name": "WE BRM",
            "description": "Worked Example BRM",
            "url": "/we_brm/"
        }
    },
    {
        "model": "isp.module",
        "pk": 8,
        "fields": {
            "name": "goodRQ",
            "description": "Selecting a Good Research Question Lesson",
            "url": "/goodrq/"
        }
    },
    {
        "model": "isp.module",
        "pk": 9,
        "fields": {
            "name": "TED",
            "description": "TED Tutor",
            "url": "/tutors/ted.html"
        }
    },
    {
        "model": "isp.feature",
        "pk": 1,
        "fields": {
            "name": "FTR_BL",
            "description": "baseline - mutually exclusive",
            "module": 1
        }
    },
    {
        "model": "isp.feature",
        "pk": 2,
        "fields": {
            "name": "FTR_CHOICE",
            "description": "choice - mutually exclusive",
            "module": 1
        }
    },
    {
        "model": "isp.feature",
        "pk": 3,
        "fields": {
            "name": "FTR_NCCRYSTAL",
            "description": "must be combined with no choice",
            "module": 1
        }
    },
    {
        "model": "isp.feature",
        "pk": 4,
        "fields": {
            "name": "INITIAL_HYPO",
            "description": "saves hypo as initial hypo",
            "module": 2
        }
    },
    {
        "model": "isp.feature",
        "pk": 5,
        "fields": {
            "name": "FINAL_HYPO",
            "description": "saves hypo as final hypo",
            "module": 2
        }
    },
    {
        "model": "isp.feature",
        "pk": 6,
        "fields": {
            "name": "NO_CPT_MAP",
            "description": "disabled concept map",
            "module": 2
        }
    },
    {
        "model": "isp.feature",
        "pk": 7,
        "fields": {
            "name": "DEFS_ONLY",
            "description": "allows student to return to definition pages at any time",
            "module": 2
        }
    },
    {
        "model": "isp.feature",
        "pk": 8,
        "fields": {
            "name": "FTR_NOCHOICE",
            "description": "no choice - must be combined with topic",
            "module": 1
        }
    },
    {
        "model": "isp.feature",
        "pk": 9,
        "fields": {
            "name": "NO_DEFS",
            "description": "do not display definition pages",
            "module": 2
        }
    },
    {
        "model": "isp.app",
        "pk": 1,
        "fields": {
            "name": "RQSelect (BaseLine)",
            "label": "Research Question Selection",
            "module": 1
        }
    },
    {
        "model": "isp.app",
        "pk": 2,
        "fields": {
            "name": "initial hyp w/o cpt map",
            "label": "Initial Hypothesis",
            "module": 2
        }
    },
    {
        "model": "isp.app",
        "pk": 3,
        "fields": {
            "name": "initial hypo w/ cpt map",
            "label": "Initial Hypothesis",
            "module": 2
        }
    },
    {
        "model": "isp.app",
        "pk": 4,
        "fields": {
            "name": "Final Hypo",
            "label": "Final Hypothesis",
            "module": 2
        }
    },
    {
        "model": "isp.app",
        "pk": 5,
        "fields": {
            "name": "RQSelect Choice",
            "label": "Research Question Selection",
            "module": 1
        }
    },
    {
        "model": "isp.app",
        "pk": 6,
        "fields": {
            "name": "RQSelect No-Choice Crystal",
            "label": "Research Question Selection",
            "module": 1
        }
    },
    {
        "model": "isp.app",
        "pk": 7,
        "fields": {
            "name": "DI Pre-Test",
            "label": "Data Interpretation Pre-Test",
            "module": 4
        }
    },
    {
        "model": "isp.app",
        "pk": 8,
        "fields": {
            "name": "DI Post Test",
            "label": "Data Interpretation Post-Test",
            "module": 5
        }
    },
    {
        "model": "isp.app",
        "pk": 9,
        "fields": {
            "name": "DI Instruction",
            "label": "Data Interpretation Lesson",
            "module": 3
        }
    },
    {
        "model": "isp.app",
        "pk": 10,
        "fields": {
            "name": "BRM",
            "label": "Basic Research",
            "module": 6
        }
    },
    {
        "model": "isp.app",
        "pk": 11,
        "fields": {
            "name": "WE BRM",
            "label": "Basic Research",
            "module": 7
        }
    },
    {
        "model": "isp.app",
        "pk": 12,
        "fields": {
            "name": "goodRQ",
            "label": "Selecting a Good Research Question Lesson",
            "module": 8
        }
    },
    {
        "model": "isp.enabledfeature",
        "pk": 1,
        "fields": {
            "app": 1,
            "feature": 1
        }
    },
    {
        "model": "isp.enabledfeature",
        "pk": 2,
        "fields": {
            "app": 2,
            "feature": 4
        }
    },
    {
        "model": "isp.enabledfeature",
        "pk": 3,
        "fields": {
            "app": 2,
            "feature": 6
        }
    },
    {
        "model": "isp.enabledfeature",
        "pk": 4,
        "fields": {
            "app": 3,
            "feature": 4
        }
    },
    {
        "model": "isp.enabledfeature",
        "pk": 5,
        "fields": {
            "app": 4,
            "feature": 5
        }
    },
    {
        "model": "isp.enabledfeature",
        "pk": 6,
        "fields": {
            "app": 4,
            "feature": 9
        }
    },
    {
        "model": "isp.enabledfeature",
        "pk": 7,
        "fields": {
            "app": 5,
            "feature": 2
        }
    },
    {
        "model": "isp.enabledfeature",
        "pk": 8,
        "fields": {
            "app": 6,
            "feature": 8
        }
    },
    {
        "model": "isp.enabledfeature",
        "pk": 9,
        "fields": {
            "app": 6,
            "feature": 3
        }
    },
    {
        "model": "isp.pathway",
        "pk": 1,
        "fields": {
            "name": "pathway1",
            "description": "for gifted and talented students"
        }
    },
    {
        "model": "isp.orderedapp",
        "pk": 1,
        "fields": {
            "pathway": 1,
            "order": 2,
            "app": 1
        }
    },
    {
        "model": "isp.orderedapp",
        "pk": 2,
        "fields": {
            "pathway": 1,
            "order": 3,
            "app": 3
        }
    },
    {
        "model": "isp.orderedapp",
        "pk": 3,
        "fields": {
            "pathway": 1,
            "order": 1,
            "app": 7
        }
    },
    {
        "model": "isp.orderedapp",
        "pk": 4,
        "fields": {
            "pathway": 1,
            "order": 6,
            "app": 9
        }
    },
    {
        "model": "isp.orderedapp",
        "pk": 5,
        "fields": {
            "pathway": 1,
            "order": 4,
            "app": 10
        }
    },
    {
        "model": "isp.orderedapp",
        "pk": 6,
        "fields": {
            "pathway": 1,
            "order": 5,
            "app": 4
        }
    },
    {
        "model": "isp.orderedapp",
        "pk": 7,
        "fields": {
            "pathway": 1,
            "order": 7,
            "app": 8
        }
    }
]
